<?xml version="1.0" encoding="UTF-8"?>
<components version="19092017">
 <moleculetype id="1" name="100-SO2">
  <site type="LJ126" id="1">
   <coords><x>0.000000</x><y>0.000000</y><z>0.3757</z>   </coords>
   <sigma>3.312</sigma>
   <epsilon>139.23</epsilon>
   <mass>32.065</mass>
  </site>
  <site type="LJ126" id="2">
   <coords><x>1.279</x><y>0.000000</y><z>-0.3653</z>   </coords>
   <sigma>3.106</sigma>
   <epsilon>43.18</epsilon>
   <mass>15.999</mass>
  </site>
  <site type="LJ126" id="3">
   <coords><x>-1.279</x><y>0.000000</y><z>-0.3653</z>   </coords>
   <sigma>3.106</sigma>
   <epsilon>43.18</epsilon>
   <mass>15.999</mass>
  </site>
  <site type="Dipole" id="4">
   <coords><x>0.0</x><y>0.0</y><z>0.0</z>   </coords>
   <theta>0.0</theta>
   <phi>0.0</phi>
   <dipole>1.998</dipole>
   <mass>0.0</mass>
  </site>
  <site type="Quadrupole" id="5">
   <coords><x>0.0</x><y>0.0</y><z>0.0</z>   </coords>
   <quadrupolemoment><theta>90.0</theta><phi>0.0</phi><abs>-5.334</abs>   </quadrupolemoment>
   <mass>0.0</mass>
  </site>
  <momentsofinertia rotaxes="xyz">
   <Ixx>0</Ixx>
   <Iyy>0</Iyy>
   <Izz>0</Izz>
  </momentsofinertia>
 </moleculetype>
</components>
