<?xml version="1.0" encoding="UTF-8"?>
<components version="19092017">
 <moleculetype id="1" name="103-C6H4Cl2">
  <site type="LJ126" id="1">
   <coords><x>0.000</x><y>0.6908</y><z>0.0051</z>   </coords>
   <sigma>2.771</sigma>
   <epsilon>11.46</epsilon>
   <mass>12.011</mass>
  </site>
  <site type="LJ126" id="2">
   <coords><x>0.000</x><y>-0.6908</y><z>0.0051</z>   </coords>
   <sigma>2.771</sigma>
   <epsilon>11.46</epsilon>
   <mass>12.011</mass>
  </site>
  <site type="LJ126" id="3">
   <coords><x>0.000</x><y>0.9056</y><z>2.7612</z>   </coords>
   <sigma>3.413</sigma>
   <epsilon>102.32</epsilon>
   <mass>13.019</mass>
  </site>
  <site type="LJ126" id="4">
   <coords><x>0.000</x><y>-0.9056</y><z>2.7612</z>   </coords>
   <sigma>3.413</sigma>
   <epsilon>102.32</epsilon>
   <mass>13.019</mass>
  </site>
  <site type="LJ126" id="5">
   <coords><x>0.000</x><y>1.8027</y><z>1.1948</z>   </coords>
   <sigma>3.413</sigma>
   <epsilon>102.32</epsilon>
   <mass>13.019</mass>
  </site>
  <site type="LJ126" id="6">
   <coords><x>0.000</x><y>-1.8027</y><z>1.1948</z>   </coords>
   <sigma>3.413</sigma>
   <epsilon>102.32</epsilon>
   <mass>13.019</mass>
  </site>
  <site type="LJ126" id="7">
   <coords><x>0.000</x><y>1.5813</y><z>-1.4524</z>   </coords>
   <sigma>3.354</sigma>
   <epsilon>173.25</epsilon>
   <mass>35.453</mass>
  </site>
  <site type="LJ126" id="8">
   <coords><x>0.000</x><y>-1.5813</y><z>-1.4524</z>   </coords>
   <sigma>3.354</sigma>
   <epsilon>173.25</epsilon>
   <mass>35.453</mass>
  </site>
  <site type="Dipole" id="9">
   <coords><x>0.000</x><y>0.000</y><z>0.2400</z>   </coords>
   <theta>0.0</theta>
   <phi>-90.0</phi>
   <dipole>3.250</dipole>
   <mass>0.0</mass>
  </site>
  <site type="Quadrupole" id="10">
   <coords><x>0.000</x><y>0.9056</y><z>2.7612</z>   </coords>
   <quadrupolemoment><theta>90.0</theta><phi>0.0</phi><abs>-2.197</abs></quadrupolemoment><site type="Quadrupole" id="11"><coords><x>0.000</x><y>-0.9056</y><z>2.7612</z>    </coords>
    <quadrupolemoment><theta>90.0</theta><phi>0.0</phi><abs>-2.197</abs></quadrupolemoment><site type="Quadrupole" id="12"><coords><x>0.000</x><y>1.8027</y><z>1.1948</z>     </coords>
     <quadrupolemoment><theta>90.0</theta><phi>0.0</phi><abs>-2.197</abs></quadrupolemoment><site type="Quadrupole" id="13"><coords><x>0.000</x><y>-1.8027</y><z>1.1948</z>      </coords>
      <quadrupolemoment><theta>90.0</theta><phi>0.0</phi><abs>-2.197</abs>      </quadrupolemoment>
      <mass>0.0</mass>
     </site>
     <momentsofinertia rotaxes="xyz">
      <Ixx>0</Ixx>
      <Iyy>0</Iyy>
      <Izz>0</Izz>
     </momentsofinertia>
    </site>
   </site>
  </site>
 </moleculetype>
</components>
