<?xml version="1.0" encoding="UTF-8"?>
<components version="19092017">
 <moleculetype id="1" name="11-CHCCH3_I">
  <site type="LJ126" id="1">
   <coords><x>0.0</x><y>0.0</y><z>-1.4184</z>   </coords>
   <sigma>3.546</sigma>
   <epsilon>186.43</epsilon>
   <mass>20.032</mass>
  </site>
  <site type="LJ126" id="2">
   <coords><x>0.0</x><y>0.0</y><z>1.4184</z>   </coords>
   <sigma>3.546</sigma>
   <epsilon>186.43</epsilon>
   <mass>20.032</mass>
  </site>
  <site type="Quadrupole" id="3">
   <coords><x>0.0</x><y>0.0</y><z>0.0</z>   </coords>
   <quadrupolemoment><theta>0.0</theta><phi>0.0</phi><abs>5.7548</abs>   </quadrupolemoment>
   <mass>0.0</mass>
  </site>
  <momentsofinertia rotaxes="xyz">
   <Ixx>0</Ixx>
   <Iyy>0</Iyy>
   <Izz>0</Izz>
  </momentsofinertia>
 </moleculetype>
</components>
