<?xml version="1.0" encoding="UTF-8"?>
<components version="19092017">
 <moleculetype id="1" name="112-C2H8N2">
  <site type="LJ126" id="1">
   <coords><x>-0.155</x><y>1.312</y><z>0.904</z>   </coords>
   <sigma>3.6072</sigma>
   <epsilon>120.15</epsilon>
   <mass>15.034</mass>
  </site>
  <site type="LJ126" id="2">
   <coords><x>-0.164</x><y>-1.316</y><z>0.910</z>   </coords>
   <sigma>3.6072</sigma>
   <epsilon>120.15</epsilon>
   <mass>15.034</mass>
  </site>
  <site type="LJ126" id="3">
   <coords><x>0.395</x><y>-0.053</y><z>0.197</z>   </coords>
   <sigma>3.3211</sigma>
   <epsilon>34.90</epsilon>
   <mass>14.007</mass>
  </site>
  <site type="LJ126" id="4">
   <coords><x>-0.081</x><y>0.070</y><z>-1.496</z>   </coords>
   <sigma>3.3085</sigma>
   <epsilon>141.15</epsilon>
   <mass>16.023</mass>
  </site>
  <site type="Charge" id="5">
   <coords><x>-0.081</x><y>0.070</y><z>-1.496</z>   </coords>
   <charge>-0.6882</charge>
   <mass>0.0</mass>
  </site>
  <site type="Charge" id="6">
   <coords><x>0.497</x><y>-0.609</y><z>-1.990</z>   </coords>
   <charge>+0.3441</charge>
   <mass>0.0</mass>
  </site>
  <site type="Charge" id="7">
   <coords><x>-1.056</x><y>-0.251</y><z>-1.590</z>   </coords>
   <charge>+0.3441</charge>
   <mass>0.0</mass>
  </site>
  <momentsofinertia rotaxes="xyz">
   <Ixx>0</Ixx>
   <Iyy>0</Iyy>
   <Izz>0</Izz>
  </momentsofinertia>
 </moleculetype>
</components>
