<?xml version="1.0" encoding="UTF-8"?>
<components version="19092017">
 <moleculetype id="1" name="120-Sr2+">
  <site type="LJ126" id="1">
   <coords><x>0.0</x><y>0.0</y><z>0.0</z>   </coords>
   <sigma>2.69</sigma>
   <epsilon>200.00</epsilon>
   <mass>87.620</mass>
  </site>
  <site type="Charge" id="2">
   <coords><x>0.0</x><y>0.0</y><z>0.0</z>   </coords>
   <charge>+2.0000</charge>
   <mass>0.0</mass>
  </site>
  <momentsofinertia rotaxes="xyz">
   <Ixx>0</Ixx>
   <Iyy>0</Iyy>
   <Izz>0</Izz>
  </momentsofinertia>
 </moleculetype>
</components>
