<?xml version="1.0" encoding="UTF-8"?>
<components version="19092017">
 <moleculetype id="1" name="134-C3H6_b">
  <site type="LJ126" id="1">
   <coords><x>0</x><y>0</y><z>0</z>   </coords>
   <sigma>3.567</sigma>
   <epsilon>87.149</epsilon>
   <mass>14.03</mass>
  </site>
  <site type="LJ126" id="2">
   <coords><x>0.84315</x><y>1.46037863840169</y><z>0</z>   </coords>
   <sigma>3.567</sigma>
   <epsilon>87.149</epsilon>
   <mass>14.03</mass>
  </site>
  <site type="LJ126" id="3">
   <coords><x>1.6863</x><y>0</y><z>0</z>   </coords>
   <sigma>3.567</sigma>
   <epsilon>87.149</epsilon>
   <mass>14.03</mass>
  </site>
  <momentsofinertia rotaxes="xyz">
   <Ixx>0</Ixx>
   <Iyy>0</Iyy>
   <Izz>0</Izz>
  </momentsofinertia>
 </moleculetype>
</components>
