<?xml version="1.0" encoding="UTF-8"?>
<components version="19092017">
 <moleculetype id="1" name="140-C6H6_I">
  <site type="LJ126" id="1">
   <coords><x>0</x><y>0</y><z>0</z>   </coords>
   <sigma>3.446</sigma>
   <epsilon>70.019</epsilon>
   <mass>13.019</mass>
  </site>
  <site type="LJ126" id="2">
   <coords><x>-1.6303</x><y>0</y><z>0</z>   </coords>
   <sigma>3.446</sigma>
   <epsilon>70.019</epsilon>
   <mass>13.019</mass>
  </site>
  <site type="LJ126" id="3">
   <coords><x>-2.4455</x><y>1.4119</y><z>0</z>   </coords>
   <sigma>3.446</sigma>
   <epsilon>70.019</epsilon>
   <mass>13.019</mass>
  </site>
  <site type="LJ126" id="4">
   <coords><x>-1.6303</x><y>2.8238</y><z>0</z>   </coords>
   <sigma>3.446</sigma>
   <epsilon>70.019</epsilon>
   <mass>13.019</mass>
  </site>
  <site type="LJ126" id="5">
   <coords><x>0</x><y>2.8238</y><z>0</z>   </coords>
   <sigma>3.446</sigma>
   <epsilon>70.019</epsilon>
   <mass>13.019</mass>
  </site>
  <site type="LJ126" id="6">
   <coords><x>0.8152</x><y>1.4119</y><z>0</z>   </coords>
   <sigma>3.446</sigma>
   <epsilon>70.019</epsilon>
   <mass>13.019</mass>
  </site>
  <site type="Quadrupole" id="7">
   <coords><x>0</x><y>0</y><z>0</z>   </coords>
   <quadrupolemoment><theta>0</theta><phi>0</phi><abs>-1.0435</abs></quadrupolemoment><site type="Quadrupole" id="8"><coords><x>-1.6303</x><y>0</y><z>0</z>    </coords>
    <quadrupolemoment><theta>0</theta><phi>0</phi><abs>-1.0435</abs></quadrupolemoment><site type="Quadrupole" id="9"><coords><x>-2.4455</x><y>1.4119</y><z>0</z>     </coords>
     <quadrupolemoment><theta>0</theta><phi>0</phi><abs>-1.0435</abs></quadrupolemoment><site type="Quadrupole" id="10"><coords><x>-1.6303</x><y>2.8238</y><z>0</z>      </coords>
      <quadrupolemoment><theta>0</theta><phi>0</phi><abs>-1.0435</abs></quadrupolemoment><site type="Quadrupole" id="11"><coords><x>0</x><y>2.8238</y><z>0</z>       </coords>
       <quadrupolemoment><theta>0</theta><phi>0</phi><abs>-1.0435</abs></quadrupolemoment><site type="Quadrupole" id="12"><coords><x>0.8152</x><y>1.4119</y><z>0</z>        </coords>
        <quadrupolemoment><theta>0</theta><phi>0</phi><abs>-1.0435</abs>        </quadrupolemoment>
       </site>
       <momentsofinertia rotaxes="xyz">
        <Ixx>0</Ixx>
        <Iyy>0</Iyy>
        <Izz>0</Izz>
       </momentsofinertia>
      </site>
     </site>
    </site>
   </site>
  </site>
 </moleculetype>
</components>
