<?xml version="1.0" encoding="UTF-8"?>
<components version="19092017">
 <moleculetype id="1" name="20-C2Br2F4">
  <site type="LJ126" id="1">
   <coords><x>0.0</x><y>0.0</y><z>-1.8077</z>   </coords>
   <sigma>4.5193</sigma>
   <epsilon>218.40</epsilon>
   <mass>129.912</mass>
  </site>
  <site type="LJ126" id="2">
   <coords><x>0.0</x><y>0.0</y><z>1.8077</z>   </coords>
   <sigma>4.5193</sigma>
   <epsilon>218.40</epsilon>
   <mass>129.912</mass>
  </site>
  <site type="Quadrupole" id="3">
   <coords><x>0.0</x><y>0.0</y><z>0.0</z>   </coords>
   <quadrupolemoment><theta>0.0</theta><phi>0.0</phi><abs>12.822</abs>   </quadrupolemoment>
   <mass>0.0</mass>
  </site>
  <momentsofinertia rotaxes="xyz">
   <Ixx>0</Ixx>
   <Iyy>0</Iyy>
   <Izz>0</Izz>
  </momentsofinertia>
 </moleculetype>
</components>
