<?xml version="1.0" encoding="UTF-8"?>
<components version="19092017">
 <moleculetype id="1" name="37-CBrClF2">
  <site type="LJ126" id="1">
   <coords><x>0.0</x><y>0.0</y><z>-1.79785</z>   </coords>
   <sigma>3.8560</sigma>
   <epsilon>212.23</epsilon>
   <mass>82.683</mass>
  </site>
  <site type="LJ126" id="2">
   <coords><x>0.0</x><y>0.0</y><z>1.79785</z>   </coords>
   <sigma>3.8560</sigma>
   <epsilon>212.23</epsilon>
   <mass>82.683</mass>
  </site>
  <site type="Dipole" id="3">
   <coords><x>0.0</x><y>0.0</y><z>0.0</z>   </coords>
   <theta>0.0</theta>
   <phi>0.0</phi>
   <dipole>2.6786</dipole>
   <mass>0.0</mass>
  </site>
  <momentsofinertia rotaxes="xyz">
   <Ixx>0</Ixx>
   <Iyy>0</Iyy>
   <Izz>0</Izz>
  </momentsofinertia>
 </moleculetype>
</components>
