<?xml version="1.0" encoding="UTF-8"?>
<components version="19092017">
 <moleculetype id="1" name="40-CH2Br2_D">
  <site type="LJ126" id="1">
   <coords><x>0.0</x><y>0.0</y><z>0.0</z>   </coords>
   <sigma>4.7376</sigma>
   <epsilon>351.03</epsilon>
   <mass>174.00</mass>
  </site>
  <site type="Dipole" id="2">
   <coords><x>0.0</x><y>0.0</y><z>0.0</z>   </coords>
   <theta>0.0</theta>
   <phi>0.0</phi>
   <dipole>3.7104</dipole>
   <mass>0.0</mass>
  </site>
  <momentsofinertia rotaxes="xyz">
   <Ixx>0</Ixx>
   <Iyy>0</Iyy>
   <Izz>0</Izz>
  </momentsofinertia>
 </moleculetype>
</components>
