<?xml version="1.0" encoding="UTF-8"?>
<components version="19092017">
 <moleculetype id="1" name="81-CO2_II">
  <site type="LJ126" id="1">
   <coords><x>0.0</x><y>0.0</y><z>-1.2088</z>   </coords>
   <sigma>2.9847</sigma>
   <epsilon>133.22</epsilon>
   <mass>22.005</mass>
  </site>
  <site type="LJ126" id="2">
   <coords><x>0.0</x><y>0.0</y><z>1.2088</z>   </coords>
   <sigma>2.9847</sigma>
   <epsilon>133.22</epsilon>
   <mass>22.005</mass>
  </site>
  <site type="Quadrupole" id="3">
   <coords><x>0.0</x><y>0.0</y><z>0.0</z>   </coords>
   <quadrupolemoment><theta>0.0</theta><phi>0.0</phi><abs>3.7938</abs>   </quadrupolemoment>
   <mass>0.0</mass>
  </site>
  <momentsofinertia rotaxes="xyz">
   <Ixx>0</Ixx>
   <Iyy>0</Iyy>
   <Izz>0</Izz>
  </momentsofinertia>
 </moleculetype>
</components>
