<?xml version="1.0" encoding="UTF-8"?>
<components version="19092017">
 <moleculetype id="1" name="84-C2H6O">
  <site type="LJ126" id="1">
   <coords><x>-1.470767e+00</x><y>-3.383511e-01</y><z>-1.713211e-16</z>   </coords>
   <sigma>3.6072</sigma>
   <epsilon>120.15</epsilon>
   <mass>15.035</mass>
  </site>
  <site type="LJ126" id="2">
   <coords><x>+9.277261e-02</x><y>+8.832850e-01</y><z>+9.545133e-17</z>   </coords>
   <sigma>3.4612</sigma>
   <epsilon>86.291</epsilon>
   <mass>14.027</mass>
  </site>
  <site type="LJ126" id="3">
   <coords><x>+1.171546e+00</x><y>-4.509765e-01</y><z>+6.571264e-17</z>   </coords>
   <sigma>3.149559</sigma>
   <epsilon>85.053449</epsilon>
   <mass>15.999</mass>
  </site>
  <site type="Charge" id="4">
   <coords><x>+9.277261e-02</x><y>+8.832850e-01</y><z>+9.545133e-17</z>   </coords>
   <charge>+0.2556</charge>
   <mass>0.0</mass>
  </site>
  <site type="Charge" id="5">
   <coords><x>+1.171546e+00</x><y>-4.509765e-01</y><z>+6.571264e-17</z>   </coords>
   <charge>-0.697107</charge>
   <mass>0.0</mass>
  </site>
  <site type="Charge" id="6">
   <coords><x>+2.049156e+00</x><y>-8.587295e-02</y><z>+1.839679e-16</z>   </coords>
   <charge>+0.441507</charge>
   <mass>1.008</mass>
  </site>
  <momentsofinertia rotaxes="xyz">
   <Ixx>0</Ixx>
   <Iyy>0</Iyy>
   <Izz>0</Izz>
  </momentsofinertia>
 </moleculetype>
</components>
