<?xml version="1.0" encoding="UTF-8"?>
<components version="19092017">
 <moleculetype id="1" name="86-CH4O_I">
  <site type="LJ126" id="1">
   <coords><x>7.660331e-01</x><y>1.338147e-02</y><z>0.0</z>   </coords>
   <sigma>3.7543</sigma>
   <epsilon>120.592</epsilon>
   <mass>15.035</mass>
  </site>
  <site type="LJ126" id="2">
   <coords><x>-6.564695e-01</x><y>-6.389332e-02</y><z>0.0</z>   </coords>
   <sigma>3.030</sigma>
   <epsilon>87.879</epsilon>
   <mass>15.999</mass>
  </site>
  <site type="Charge" id="3">
   <coords><x>-1.004989e+00</x><y>8.145993e-01</y><z>0.0</z>   </coords>
   <charge>+0.43128</charge>
   <mass>1.008</mass>
  </site>
  <site type="Charge" id="4">
   <coords><x>7.660331e-01</x><y>1.338147e-02</y><z>0.0</z>   </coords>
   <charge>+0.24746</charge>
   <mass>0.0</mass>
  </site>
  <site type="Charge" id="5">
   <coords><x>-6.564695e-01</x><y>-6.389332e-02</y><z>0.0</z>   </coords>
   <charge>-0.67874</charge>
   <mass>0.0</mass>
  </site>
  <momentsofinertia rotaxes="xyz">
   <Ixx>0</Ixx>
   <Iyy>0</Iyy>
   <Izz>0</Izz>
  </momentsofinertia>
 </moleculetype>
</components>
