<?xml version="1.0" encoding="UTF-8"?>
<components version="19092017">
 <moleculetype id="1" name="9-CF4_II">
  <site type="LJ126" id="1">
   <coords><x>0.0</x><y>0.0</y><z>-0.69505</z>   </coords>
   <sigma>3.8812</sigma>
   <epsilon>59.235</epsilon>
   <mass>44.002</mass>
  </site>
  <site type="LJ126" id="2">
   <coords><x>0.0</x><y>0.0</y><z>0.69505</z>   </coords>
   <sigma>3.8812</sigma>
   <epsilon>59.235</epsilon>
   <mass>44.002</mass>
  </site>
  <site type="Quadrupole" id="3">
   <coords><x>0.0</x><y>0.0</y><z>0.0</z>   </coords>
   <quadrupolemoment><theta>0.0</theta><phi>0.0</phi><abs>5.1763</abs>   </quadrupolemoment>
   <mass>0.0</mass>
  </site>
  <momentsofinertia rotaxes="xyz">
   <Ixx>0</Ixx>
   <Iyy>0</Iyy>
   <Izz>0</Izz>
  </momentsofinertia>
 </moleculetype>
</components>
