<?xml version="1.0" encoding="UTF-8"?>
<components version="19092017">
 <moleculetype id="1" name="90-C2H6S_I">
  <site type="LJ126" id="1">
   <coords><x>0.000000</x><y>0.000000</y><z>0.2819</z>   </coords>
   <sigma>3.398</sigma>
   <epsilon>207.57</epsilon>
   <mass>32.065</mass>
  </site>
  <site type="LJ126" id="2">
   <coords><x>-1.1583</x><y>0.000</y><z>-0.3868</z>   </coords>
   <sigma>3.607</sigma>
   <epsilon>120.15</epsilon>
   <mass>15.035</mass>
  </site>
  <site type="LJ126" id="3">
   <coords><x>1.1583</x><y>0.000000</y><z>-0.3868</z>   </coords>
   <sigma>3.607</sigma>
   <epsilon>120.15</epsilon>
   <mass>15.035</mass>
  </site>
  <site type="Dipole" id="4">
   <coords><x>0.0</x><y>0.0</y><z>0.0</z>   </coords>
   <theta>90.0</theta>
   <phi>180.0</phi>
   <dipole>2.361</dipole>
   <mass>0.0</mass>
  </site>
  <site type="Quadrupole" id="5">
   <coords><x>0.0</x><y>0.0</y><z>0.0</z>   </coords>
   <quadrupolemoment><theta>90.0</theta><phi>0.0</phi><abs>3.074</abs></quadrupolemoment><site type="Quadrupole" id="6"><coords><x>0.0</x><y>0.0</y><z>0.0</z>    </coords>
    <quadrupolemoment><theta>0.0</theta><phi>0.0</phi><abs>2.76</abs>    </quadrupolemoment>
    <mass>0.0</mass>
   </site>
   <momentsofinertia rotaxes="xyz">
    <Ixx>0</Ixx>
    <Iyy>0</Iyy>
    <Izz>0</Izz>
   </momentsofinertia>
  </site>
 </moleculetype>
</components>
