<?xml version="1.0" encoding="UTF-8"?>
<components version="19092017">
 <moleculetype id="1" name="91-C4H10">
  <site type="LJ126" id="1">
   <coords><x>0.0</x><y>0.0</y><z>0.8179</z>   </coords>
   <sigma>3.36</sigma>
   <epsilon>51.0</epsilon>
   <mass>13.019</mass>
  </site>
  <site type="LJ126" id="2">
   <coords><x>1.7302</x><y>0.0</y><z>-0.1893</z>   </coords>
   <sigma>3.607</sigma>
   <epsilon>120.15</epsilon>
   <mass>15.034</mass>
  </site>
  <site type="LJ126" id="3">
   <coords><x>-0.8651</x><y>1.4984</y><z>-0.1893</z>   </coords>
   <sigma>3.607</sigma>
   <epsilon>120.15</epsilon>
   <mass>15.034</mass>
  </site>
  <site type="LJ126" id="4">
   <coords><x>-0.8651</x><y>-1.4984</y><z>-0.1893</z>   </coords>
   <sigma>3.607</sigma>
   <epsilon>120.15</epsilon>
   <mass>15.034</mass>
  </site>
  <site type="Dipole" id="5">
   <coords><x>0.0</x><y>0.0</y><z>0.0</z>   </coords>
   <theta>0.0</theta>
   <phi>0.0</phi>
   <dipole>0.1347</dipole>
   <mass>0.0</mass>
  </site>
  <site type="Quadrupole" id="6">
   <coords><x>0.0</x><y>0.0</y><z>0.0</z>   </coords>
   <quadrupolemoment><theta>0.0</theta><phi>0.0</phi><abs>0.7236</abs>   </quadrupolemoment>
   <mass>0.0</mass>
  </site>
  <momentsofinertia rotaxes="xyz">
   <Ixx>0</Ixx>
   <Iyy>0</Iyy>
   <Izz>0</Izz>
  </momentsofinertia>
 </moleculetype>
</components>
