<?xml version="1.0" encoding="UTF-8"?>
<components version="19092017">
 <moleculetype id="1" name="93-C6H12_I">
  <site type="LJ126" id="1">
   <coords><x>	 0.021</x><y>-0.3118</y><z>1.8052</z>   </coords>
   <sigma>3.497</sigma>
   <epsilon>87.39</epsilon>
   <mass>14.027</mass>
  </site>
  <site type="LJ126" id="2">
   <coords><x>1.5318</x><y>0.2989</y><z>0.8863</z>   </coords>
   <sigma>3.497</sigma>
   <epsilon>87.39</epsilon>
   <mass>14.027</mass>
  </site>
  <site type="LJ126" id="3">
   <coords><x>-1.5528</x><y>0.2983</y><z>0.9986</z>   </coords>
   <sigma>3.497</sigma>
   <epsilon>87.39</epsilon>
   <mass>14.027</mass>
  </site>
  <site type="LJ126" id="4">
   <coords><x>1.5318</x><y>-0.2989</y><z>-0.8863</z>   </coords>
   <sigma>3.497</sigma>
   <epsilon>87.39</epsilon>
   <mass>14.027</mass>
  </site>
  <site type="LJ126" id="5">
   <coords><x>-1.5528</x><y>-0.2983</y><z>-0.9986</z>   </coords>
   <sigma>3.497</sigma>
   <epsilon>87.39</epsilon>
   <mass>14.027</mass>
  </site>
  <site type="LJ126" id="6">
   <coords><x>0.021</x><y>0.3118</y><z>-1.8052</z>   </coords>
   <sigma>3.497</sigma>
   <epsilon>87.39</epsilon>
   <mass>14.027</mass>
  </site>
  <site type="Quadrupole" id="7">
   <coords><x>0.0</x><y>0.0</y><z>0.0</z>   </coords>
   <quadrupolemoment><theta>90.0</theta><phi>90.0</phi><abs>0.8179</abs>   </quadrupolemoment>
   <mass>0.0</mass>
  </site>
  <momentsofinertia rotaxes="xyz">
   <Ixx>0</Ixx>
   <Iyy>0</Iyy>
   <Izz>0</Izz>
  </momentsofinertia>
 </moleculetype>
</components>
