<?xml version="1.0" encoding="UTF-8"?>
<components version="19092017">
 <moleculetype id="1" name="96-CH3OCH3">
  <site type="LJ126" id="1">
   <coords><x>0.0</x><y>0.0</y><z>0.6427</z>   </coords>
   <sigma>2.727</sigma>
   <epsilon>89.57</epsilon>
   <mass>15.999</mass>
  </site>
  <site type="LJ126" id="2">
   <coords><x>1.4041</x><y>0.0</y><z>-0.3086</z>   </coords>
   <sigma>3.607</sigma>
   <epsilon>120.15</epsilon>
   <mass>15.035</mass>
  </site>
  <site type="LJ126" id="3">
   <coords><x>-1.4041</x><y>0.0</y><z>-0.3086</z>   </coords>
   <sigma>3.607</sigma>
   <epsilon>120.15</epsilon>
   <mass>15.035</mass>
  </site>
  <site type="Dipole" id="4">
   <coords><x>0.0</x><y>0.0</y><z>0.0</z>   </coords>
   <theta>180</theta>
   <phi>0.0</phi>
   <dipole>1.704</dipole>
   <mass>0.0</mass>
  </site>
  <momentsofinertia rotaxes="xyz">
   <Ixx>0</Ixx>
   <Iyy>0</Iyy>
   <Izz>0</Izz>
  </momentsofinertia>
 </moleculetype>
</components>
