<?xml version="1.0" encoding="UTF-8"?>
<components version="19092017">
 <moleculetype id="1" name="97-CH5N">
  <site type="LJ126" id="1">
   <coords><x>-9.467783e-01</x><y>+0.000000e+00</y><z>-1.189226e-02</z>   </coords>
   <sigma>3.6072</sigma>
   <epsilon>120.15</epsilon>
   <mass>15.035</mass>
  </site>
  <site type="LJ126" id="2">
   <coords><x>+8.375274e-01</x><y>+0.000000e+00</y><z>+6.931904e-02</z>   </coords>
   <sigma>3.3151</sigma>
   <epsilon>142.147</epsilon>
   <mass>14.007</mass>
  </site>
  <site type="Charge" id="3">
   <coords><x>-9.467783e-01</x><y>+0.000000e+00</y><z>-1.189226e-02</z>   </coords>
   <charge>+0.19525</charge>
   <mass>0.0</mass>
  </site>
  <site type="Charge" id="4">
   <coords><x>+8.375274e-01</x><y>+0.000000e+00</y><z>+6.931904e-02</z>   </coords>
   <charge>-0.88653</charge>
   <mass>0.0</mass>
  </site>
  <site type="Charge" id="5">
   <coords><x>+1.240133e+00</x><y>+8.124070e-01</y><z>-3.930414e-01</z>   </coords>
   <charge>+0.34564</charge>
   <mass>1.008</mass>
  </site>
  <site type="Charge" id="6">
   <coords><x>+1.240133e+0</x><y>-8.124070e-01</y><z>-3.930414e-01</z>   </coords>
   <charge>+0.34564</charge>
   <mass>1.008</mass>
  </site>
  <momentsofinertia rotaxes="xyz">
   <Ixx>0</Ixx>
   <Iyy>0</Iyy>
   <Izz>0</Izz>
  </momentsofinertia>
 </moleculetype>
</components>
